Variable,Valor_Base,Valor_Variado_10pct,ICV_Resultante,Delta_ICV,Sensibilidad_pct
Longitud Cola (L),85,93.5,0.689,0.0198333333333334,2.96388542963886
Velocidad (V),22,24.2,0.66,-0.00916666666666666,-1.36986301369863
Flujo (F),24,26.4,0.689166666666667,0.02,2.98879202988792
Densidad (N),45,49.5,0.680416666666667,0.0112500000000001,1.68119551681197
