Criterio,Peso_Normalizado,Porcentaje
Longitud de Cola (L),0.36229674796748,36.229674796748
Velocidad (V),0.252642276422764,25.2642276422764
Flujo (F),0.252642276422764,25.2642276422764
Densidad (D),0.132418699186992,13.2418699186992
